dataset,n_samples,accuracy,mcc,macro_precision,macro_recall,macro_f1,brier_score,auc_roc_macro_ovr,auc_pr_macro_ovr
CAMUS_public,1000,0.196,-0.011772256647258464,0.04827586206896552,0.0392,0.04326710816777042,1.2212389988791719,0.5738159999999999,0.5961255565827372
CardiacNet,702,0.19658119658119658,0.0,0.1,0.019658119658119658,0.032857142857142856,1.2754295560110531,,1.0
echo-eg_MIMICEchoQA,197,0.8781725888324873,0.8585058442290086,0.7698364279398763,0.7718889037791477,0.7539280454518252,0.20420305391957397,0.9859926049740222,0.8272907864316073
echo-eg_P10,810,0.6617283950617284,0.6270709975179768,0.5938179862174107,0.4705133949367409,0.5028463690052499,0.6089769223723751,0.8768595534400097,0.6851644664937457
