{
  "n_samples": 2711,
  "n_classes": 10,
  "n_present_labels": 10,
  "accuracy": 0.38952416082626334,
  "mcc": 0.29217788064106276,
  "macro_precision": 0.3651310475792683,
  "macro_recall": 0.6088315775415927,
  "macro_f1": 0.34799469835142804,
  "macro_precision_all_labels": 0.3651310475792683,
  "macro_recall_all_labels": 0.6088315775415927,
  "macro_f1_all_labels": 0.34799469835142804,
  "macro_precision_present_labels": 0.3651310475792683,
  "macro_recall_present_labels": 0.6088315775415927,
  "macro_f1_present_labels": 0.34799469835142804,
  "brier_score": 0.9697075707433855,
  "auc_roc_macro_ovr": 0.8345249647863904,
  "auc_pr_macro_ovr": 0.5161888521565787,
  "evaluation_mode": "simplified_view_only_first_frame",
  "full_echo_prime_pipeline": false,
  "caveat": "This script evaluates only EchoPrime view-classifier behavior on the first sampled frame; it is not the full multi-video report-generation workflow."
}