{
  "n_samples": 2709,
  "n_classes": 10,
  "accuracy": 0.3850129198966408,
  "mcc": 0.2889653933283964,
  "macro_precision": 0.35939290499473797,
  "macro_recall": 0.6079492528809161,
  "macro_f1": 0.3448706501113169,
  "brier_score": 0.9782539150766746,
  "auc_roc_macro_ovr": 0.8348277307922622,
  "auc_pr_macro_ovr": 0.5163543643780534
}