model,n_samples,accuracy,mcc,macro_precision,macro_recall,macro_f1,brier_score,auc_roc_macro_ovr,auc_pr_macro_ovr
EchoPrime-main,2709,0.3850129198966408,0.2889653933283964,0.35939290499473797,0.6079492528809161,0.3448706501113169,0.9782539150766746,0.8348277307922622,0.5163543643780534
