label,precision,recall,f1,support
PLAX,0.0,0.0,0.0,0
PSAX AV,0.0,0.0,0.0,0
PSAX MV,0.0,0.0,0.0,0
PSAX AP,0.0,0.0,0.0,0
A2C,0.0,0.0,0.0,0
A3C,0.0,0.0,0.0,0
A4C,1.0,0.06451612903225806,0.12121212121212122,31
A5C,0.0,0.0,0.0,0
SSN,0.0,0.0,0.0,0
