{
  "n_samples": 31,
  "n_classes": 9,
  "accuracy": 0.06451612903225806,
  "mcc": 0.0,
  "macro_precision": 0.1111111111111111,
  "macro_recall": 0.007168458781362007,
  "macro_f1": 0.01346801346801347,
  "brier_score": 1.5144241056616132,
  "auc_roc_macro_ovr": null,
  "auc_pr_macro_ovr": 0.9999999999999999
}