label,precision,recall,f1,support
plax,0.7286821705426356,0.42342342342342343,0.5356125356125356,222
psax-av,0.06463878326996197,0.5821917808219178,0.1163586584531143,146
psax-mv,0.09836065573770492,0.16901408450704225,0.12435233160621761,71
psax-ap,0.11304347826086956,0.6842105263157895,0.19402985074626866,19
a4c,0.7582938388625592,0.11251758087201125,0.19595835884874463,1422
a5c,0.08971962616822429,0.8135593220338984,0.16161616161616163,59
a3c,0.5846153846153846,0.5205479452054794,0.5507246376811594,73
a2c,0.6224489795918368,0.10553633217993079,0.1804733727810651,578
