dataset,n_samples,n_present_labels,accuracy,mcc,macro_precision,macro_recall,macro_f1,macro_precision_all_labels,macro_recall_all_labels,macro_f1_all_labels,macro_precision_present_labels,macro_recall_present_labels,macro_f1_present_labels,brier_score,auc_roc_macro_ovr,auc_pr_macro_ovr
CAMUS_public,1000,2,0.057,0.02418543930354565,0.16550925925925924,0.01425,0.026161498464356912,0.16550925925925924,0.01425,0.026161498464356912,0.662037037037037,0.057,0.10464599385742765,1.4613046221525512,0.540204,0.5731531037041768
CardiacNet,704,1,0.05539772727272727,0.0,0.125,0.006924715909090909,0.013122476446837146,0.125,0.006924715909090909,0.013122476446837146,1.0,0.05539772727272727,0.10497981157469717,1.4386918104524862,,1.0
echo-eg_MIMICEchoQA,173,8,0.5780346820809249,0.518124107340707,0.5413759318284996,0.6278501239099065,0.5493768017700873,0.5413759318284996,0.6278501239099065,0.5493768017700873,0.5413759318284996,0.6278501239099065,0.5493768017700873,0.6693706652790481,0.844761990138589,0.5515689508857652
echo-eg_P10,713,8,0.4375876577840112,0.39360570802216505,0.5039086708434032,0.4621832134223912,0.39866239888197247,0.5039086708434032,0.4621832134223912,0.39866239888197247,0.5039086708434032,0.4621832134223912,0.39866239888197247,0.8222752943547044,0.8250039622732022,0.5077346008608968
