dataset,n_samples,accuracy,mcc,macro_precision,macro_recall,macro_f1,brier_score,auc_roc_macro_ovr,auc_pr_macro_ovr
CAMUS_public,1000,0.057,0.02418543930354565,0.16550925925925924,0.01425,0.026161498464356912,1.4613046221525512,0.540204,0.5731531037041768
CardiacNet,704,0.061079545454545456,0.0,0.125,0.007634943181818182,0.014390896921017403,1.4385054988252761,,0.9999999999999999
echo-eg_MIMICEchoQA,173,0.5722543352601156,0.5107783865202904,0.5337543581314111,0.6174334572432398,0.5418757671965111,0.6678558080454576,0.8444672645886625,0.5518695876302185
echo-eg_P10,713,0.4375876577840112,0.39360570802216505,0.5039086708434032,0.4621832134223912,0.39866239888197247,0.8222324065264519,0.8250253875139701,0.5077413052439959
