{
  "n_samples": 2590,
  "n_classes": 8,
  "accuracy": 0.1972972972972973,
  "mcc": 0.1579561353666567,
  "macro_precision": 0.3824753646311471,
  "macro_recall": 0.42637512441993664,
  "macro_f1": 0.2573907384181584,
  "brier_score": 1.2261788625369767,
  "auc_roc_macro_ovr": 0.7539684148581551,
  "auc_pr_macro_ovr": 0.3823948096855888
}