model,n_samples,accuracy,mcc,macro_precision,macro_recall,macro_f1,brier_score,auc_roc_macro_ovr,auc_pr_macro_ovr
echo-view-classifier-master,2590,0.1972972972972973,0.1579561353666567,0.3824753646311471,0.42637512441993664,0.2573907384181584,1.2261788625369767,0.7539684148581551,0.3823948096855888
