label,precision,recall,f1,support
plax,0.7286821705426356,0.42342342342342343,0.5356125356125356,222
psax-av,0.0648854961832061,0.5821917808219178,0.11675824175824176,146
psax-mv,0.10344827586206896,0.16901408450704225,0.12834224598930483,71
psax-ap,0.1092436974789916,0.6842105263157895,0.18840579710144928,19
a4c,0.7536231884057971,0.10970464135021098,0.19152854511970535,1422
a5c,0.08925318761384335,0.8305084745762712,0.1611842105263158,59
a3c,0.6129032258064516,0.5205479452054794,0.562962962962963,73
a2c,0.6224489795918368,0.10553633217993079,0.1804733727810651,578
