label,precision,recall,f1,support
A2C,0.66,0.6346153846153846,0.6470588235294118,52
A3C,0.7291666666666666,0.8333333333333334,0.7777777777777778,42
A4C,0.8403361344537815,0.7751937984496124,0.8064516129032258,129
A5C,0.5909090909090909,0.48148148148148145,0.5306122448979592,27
Apical_Doppler,0.8839779005524862,0.898876404494382,0.8913649025069638,178
PLAX,0.9666666666666667,0.9144144144144144,0.9398148148148148,222
PSAX,0.9109311740890689,0.9533898305084746,0.9316770186335404,236
SSN,0.23529411764705882,0.5,0.32,8
Subcostal,0.9646017699115044,0.9646017699115044,0.9646017699115044,113
