dataset,n_samples,n_present_labels,accuracy,mcc,macro_precision,macro_recall,macro_f1,macro_precision_all_labels,macro_recall_all_labels,macro_f1_all_labels,macro_precision_present_labels,macro_recall_present_labels,macro_f1_present_labels,brier_score,auc_roc_macro_ovr,auc_pr_macro_ovr
echo-eg_MIMICEchoQA,197,11,0.8781725888324873,0.8610421500395179,0.7853491336249957,0.7891630726996581,0.7717063473939184,0.7853491336249957,0.7891630726996581,0.7717063473939184,0.7853491336249957,0.7891630726996581,0.7717063473939184,0.20418499627359657,0.9870927798329656,0.8412468904835341
echo-eg_P10,810,11,0.8493827160493828,0.8287778141995998,0.7564781070048938,0.7859270438042618,0.7616357593460115,0.7564781070048938,0.7859270438042618,0.7616357593460115,0.7564781070048938,0.7859270438042618,0.7616357593460115,0.24704167355680187,0.9660902872314406,0.8154284334344759
