dataset,n_samples,n_present_labels,accuracy,mcc,macro_precision,macro_recall,macro_f1,macro_precision_all_labels,macro_recall_all_labels,macro_f1_all_labels,macro_precision_present_labels,macro_recall_present_labels,macro_f1_present_labels,brier_score,auc_roc_macro_ovr,auc_pr_macro_ovr
echo-eg_MIMICEchoQA,197,9,0.883248730964467,0.862307761393744,0.7613768483357625,0.7500456418802124,0.7374933433979015,0.7613768483357625,0.7500456418802124,0.7374933433979015,0.7613768483357625,0.7500456418802124,0.7374933433979015,0.1940774310338342,0.9867899108950497,0.839783450246669
echo-eg_P10,810,9,0.8740740740740741,0.8487568981597571,0.7520893278908329,0.7770360593501572,0.7542407388985316,0.7520893278908329,0.7770360593501572,0.7542407388985316,0.7520893278908329,0.7770360593501572,0.7542407388985316,0.1987797898476674,0.9703440776711462,0.8211975465354242
