{
  "n_samples": 1007,
  "n_classes": 11,
  "n_present_labels": 11,
  "accuracy": 0.8550148957298908,
  "mcc": 0.8347055641533792,
  "macro_precision": 0.7607946266392133,
  "macro_recall": 0.7860392646690051,
  "macro_f1": 0.7671093166062561,
  "macro_precision_all_labels": 0.7607946266392133,
  "macro_recall_all_labels": 0.7860392646690051,
  "macro_f1_all_labels": 0.7671093166062561,
  "macro_precision_present_labels": 0.7607946266392133,
  "macro_recall_present_labels": 0.7860392646690051,
  "macro_f1_present_labels": 0.7671093166062561,
  "brier_score": 0.23865759667021658,
  "auc_roc_macro_ovr": 0.9699573403040567,
  "auc_pr_macro_ovr": 0.8142843018387975,
  "evaluation_mode": "simplified_view_only_first_frame",
  "full_echo_prime_pipeline": false,
  "caveat": "This script evaluates only EchoPrime view-classifier behavior on the first sampled frame; it is not the full multi-video report-generation workflow."
}