model,n_samples,n_present_labels,accuracy,mcc,macro_precision,macro_recall,macro_f1,macro_precision_all_labels,macro_recall_all_labels,macro_f1_all_labels,macro_precision_present_labels,macro_recall_present_labels,macro_f1_present_labels,brier_score,auc_roc_macro_ovr,auc_pr_macro_ovr
EchoPrime-main,1007,11,0.8550148957298908,0.8347055641533792,0.7607946266392133,0.7860392646690051,0.7671093166062561,0.7607946266392133,0.7860392646690051,0.7671093166062561,0.7607946266392133,0.7860392646690051,0.7671093166062561,0.23865759667021658,0.9699573403040567,0.8142843018387975
